Enzyme	Sequence	RE_site	Cut_site	Definition
AatII	GACGTC	GACGTC	5	GACGT/C
Acc65I	GGTACC	GGTACC	1	G/GTACC
AccI	GTMKAC	GT[AC][GT]AC	2	GT/MKAC
AciI	CCGC	CCGC	1	C/CGC
AclI	AACGTT	AACGTT	2	AA/CGTT
AcuI	CTGAAG	CTGAAG	20	CTGAAG(16/14)
AfeI	AGCGCT	AGCGCT	3	AGC/GCT
AflII	CTTAAG	CTTAAG	1	C/TTAAG
AflIII	ACRYGT	AC[AG][CT]GT	1	A/CRYGT
AgeI	ACCGGT	ACCGGT	1	A/CCGGT
AhdI	GACNNNNNGTC	GAC[ATGC][ATGC][ATGC][ATGC][ATGC]GTC	5	GACNNN/NNGTC
AleI-v2	CACNNNNGTG	CAC[ATGC][ATGC][ATGC][ATGC]GTG	5	CACNN/NNGTG
AluI	AGCT	AGCT	2	AG/CT
AlwI	GGATC	GGATC	9	GGATC(4/5)
AlwNI	CAGNNNCTG	CAG[ATGC][ATGC][ATGC]CTG	3	CAGNNN/CTG
ApaI	GGGCCC	GGGCCC	1	GGGCC/C
ApaLI	GTGCAC	GTGCAC	1	G/TGCAC
ApeKI	GCWGC	GC[AT]GC	1	G/CWGC
ApoI	RAATTY	[AG]AATT[CT]	1	R/AATTY
AscI	GGCGCGCC	GGCGCGCC	2	GG/CGCGCC
AseI	ATTAAT	ATTAAT	2	AT/TAAT
AsiSI	GCGATCGC	GCGATCGC	3	GCGAT/CGC
AvaI	CYCGRG	C[CT]CG[AG]G	1	C/YCGRG
AvaII	GGWCC	GG[AT]CC	1	G/GWCC
AvrII	CCTAGG	CCTAGG	1	C/CTAGG
BaeGI	GKGCMC	G[GT]GC[AC]C	1	GKGCM/C
BamHI	GGATCC	GGATCC	1	G/GATCC
BanI	GGYRCC	GG[CT][AG]CC	1	G/GYRCC
BanII	GRGCYC	G[AG]GC[CT]C	1	GRGCY/C
BbsI	GAAGAC	GAAGAC	8	GAAGAC(2/6)
BbvCI	CCTCAGC	CCTCAGC	2	CC/TCAGC
BbvI	GCAGC	GCAGC	13	GCAGC(8/12)
BccI	CCATC	CCATC	9	CCATC(4/5)
BceAI	ACGGC	ACGGC	17	ACGGC(12/14)
BciVI	GTATCC	GTATCC	11	GTATCC(6/5)
BclI	TGATCA	TGATCA	1	T/GATCA
BcoDI	GTCTC	GTCTC	6	GTCTC(1/5)
BfaI	CTAG	CTAG	1	C/TAG
BfuAI	ACCTGC	ACCTGC	10	ACCTGC(4/8)
BglI	GCCNNNNNGGC	GCC[ATGC][ATGC][ATGC][ATGC][ATGC]GGC	4	GCCNNNN/NGGC
BglII	AGATCT	AGATCT	1	A/GATCT
BlpI	GCTNAGC	GCT[ATGC]AGC	2	GC/TNAGC
BmgBI	CACGTC	CACGTC	3	CAC/GTC
BmrI	ACTGGG	ACTGGG	10	ACTGGG(5/4)
BmtI	GCTAGC	GCTAGC	1	GCTAG/C
BpmI	CTGGAG	CTGGAG	20	CTGGAG(16/14)
Bpu10I	CCTNAGC	CCT[ATGC]AGC	2	CCTNAGC(-5/-2)
BpuEI	CTTGAG	CTTGAG	20	CTTGAG(16/14)
BsaAI	YACGTR	[CT]ACGT[AG]	3	YAC/GTR
BsaBI	GATNNNNATC	GAT[ATGC][ATGC][ATGC][ATGC]ATC	5	GATNN/NNATC
BsaHI	GRCGYC	G[AG]CG[CT]C	2	GR/CGYC
BsaI	GGTCTC	GGTCTC	7	GGTCTC(1/5)
BsaJI	CCNNGG	CC[ATGC][ATGC]GG	1	C/CNNGG
BsaWI	WCCGGW	[AT]CCGG[AT]	1	W/CCGGW
BseRI	GAGGAG	GAGGAG	14	GAGGAG(10/8)
BseYI	CCCAGC	CCCAGC	1	CCCAGC(-5/-1)
BsgI	GTGCAG	GTGCAG	20	GTGCAG(16/14)
BsiEI	CGRYCG	CG[AG][CT]CG	2	CGRY/CG
BsiHKAI	GWGCWC	G[AT]GC[AT]C	1	GWGCW/C
BsiWI	CGTACG	CGTACG	1	C/GTACG
BslI	CCNNNNNNNGG	CC[ATGC][ATGC][ATGC][ATGC][ATGC][ATGC][ATGC]GG	4	CCNNNNN/NNGG
BsmBI	CGTCTC	CGTCTC	7	CGTCTC(1/5)
BsmFI	GGGAC	GGGAC	15	GGGAC(10/14)
BsmI	GAATGC	GAATGC	5	GAATGC(1/-1)
BsoBI	CYCGRG	C[CT]CG[AG]G	1	C/YCGRG
Bsp1286I	GDGCHC	G[AGT]GC[ACT]C	1	GDGCH/C
BspCNI	CTCAG	CTCAG	12	CTCAG(9/7)
BspDI	ATCGAT	ATCGAT	2	AT/CGAT
BspEI	TCCGGA	TCCGGA	1	T/CCGGA
BspHI	TCATGA	TCATGA	1	T/CATGA
BspMI	ACCTGC	ACCTGC	10	ACCTGC(4/8)
BspQI	GCTCTTC	GCTCTTC	8	GCTCTTC(1/4)
BsrBI	CCGCTC	CCGCTC	3	CCGCTC(-3/-3)
BsrDI	GCAATG	GCAATG	6	GCAATG(2/0)
BsrFI-v2	RCCGGY	[AG]CCGG[CT]	1	R/CCGGY
BsrGI	TGTACA	TGTACA	1	T/GTACA
BsrI	ACTGG	ACTGG	4	ACTGG(1/-1)
BssHII	GCGCGC	GCGCGC	1	G/CGCGC
BssSI-v2	CACGAG	CACGAG	1	CACGAG(-5/-1)
BstAPI	GCANNNNNTGC	GCA[ATGC][ATGC][ATGC][ATGC][ATGC]TGC	4	GCANNNN/NTGC
BstBI	TTCGAA	TTCGAA	2	TT/CGAA
BstEII	GGTNACC	GGT[ATGC]ACC	1	G/GTNACC
BstNI	CCWGG	CC[AT]GG	2	CC/WGG
BstUI	CGCG	CGCG	2	CG/CG
BstXI	CCANNNNNNTGG	CCA[ATGC][ATGC][ATGC][ATGC][ATGC][ATGC]TGG	4	CCANNNNN/NTGG
BstYI	RGATCY	[AG]GATC[CT]	1	R/GATCY
BstZ17I-HF	GTATAC	GTATAC	3	GTA/TAC
Bsu36I	CCTNAGG	CCT[ATGC]AGG	2	CC/TNAGG
BtgI	CCRYGG	CC[AG][CT]GG	1	C/CRYGG
BtgZI	GCGATG	GCGATG	16	GCGATG(10/14)
BtsCI	GGATG	GGATG	5	GGATG(2/0)
BtsIMutI	CAGTG	CAGTG	5	CAGTG(2/0)
BtsI-v2	GCAGTG	GCAGTG	6	GCAGTG(2/0)
Cac8I	GCNNGC	GC[ATGC][ATGC]GC	3	GCN/NGC
ClaI	ATCGAT	ATCGAT	2	AT/CGAT
CviAII	CATG	CATG	1	C/ATG
CviKI-1	RGCY	[AG]GC[CT]	2	RG/CY
CviQI	GTAC	GTAC	1	G/TAC
DdeI	CTNAG	CT[ATGC]AG	1	C/TNAG
DraI	TTTAAA	TTTAAA	3	TTT/AAA
DraIII-HF	CACNNNGTG	CAC[ATGC][ATGC][ATGC]GTG	3	CACNNN/GTG
DrdI	GACNNNNNNGTC	GAC[ATGC][ATGC][ATGC][ATGC][ATGC][ATGC]GTC	5	GACNNNN/NNGTC
EaeI	YGGCCR	[CT]GGCC[AG]	1	Y/GGCCR
EagI	CGGCCG	CGGCCG	1	C/GGCCG
EarI	CTCTTC	CTCTTC	7	CTCTTC(1/4)
EciI	GGCGGA	GGCGGA	15	GGCGGA(11/9)
Eco53kI	GAGCTC	GAGCTC	3	GAG/CTC
EcoNI	CCTNNNNNAGG	CCT[ATGC][ATGC][ATGC][ATGC][ATGC]AGG	5	CCTNN/NNNAGG
EcoO109I	RGGNCCY	[AG]GG[ATGC]CC[CT]	2	RG/GNCCY
EcoRI	GAATTC	GAATTC	1	G/AATTC
EcoRV	GATATC	GATATC	3	GAT/ATC
Esp3I	CGTCTC	CGTCTC	7	CGTCTC(1/5)
FatI	CATG	CATG	0	/CATG
FauI	CCCGC	CCCGC	9	CCCGC(4/6)
Fnu4HI	GCNGC	GC[ATGC]GC	2	GC/NGC
FokI	GGATG	GGATG	14	GGATG(9/13)
FseI	GGCCGGCC	GGCCGGCC	2	GGCCGG/CC
FspI	TGCGCA	TGCGCA	3	TGC/GCA
HaeII	RGCGCY	[AG]GCGC[CT]	1	RGCGC/Y
HaeIII	GGCC	GGCC	2	GG/CC
HgaI	GACGC	GACGC	10	GACGC(5/10)
HhaI	GCGC	GCGC	1	GCG/C
HincII	GTYRAC	GT[CT][AG]AC	3	GTY/RAC
HindIII	AAGCTT	AAGCTT	1	A/AGCTT
HinfI	GANTC	GA[ATGC]TC	1	G/ANTC
HinP1I	GCGC	GCGC	1	G/CGC
HpaI	GTTAAC	GTTAAC	3	GTT/AAC
HpaII	CCGG	CCGG	1	C/CGG
HphI	GGTGA	GGTGA	12	GGTGA(8/7)
Hpy166II	GTNNAC	GT[ATGC][ATGC]AC	3	GTN/NAC
Hpy188I	TCNGA	TC[ATGC]GA	2	TCN/GA
Hpy188III	TCNNGA	TC[ATGC][ATGC]GA	2	TC/NNGA
Hpy99I	CGWCG	CG[AT]CG	5	CGWCG/
HpyAV	CCTTC	CCTTC	10	CCTTC(6/5)
HpyCH4III	ACNGT	AC[ATGC]GT	2	ACN/GT
HpyCH4IV	ACGT	ACGT	1	A/CGT
HpyCH4V	TGCA	TGCA	2	TG/CA
KasI	GGCGCC	GGCGCC	1	G/GCGCC
KpnI	GGTACC	GGTACC	1	GGTAC/C
LpnPI	CCDG	CC[AGT]G	14	CCDG(10/14)
MboI	GATC	GATC	0	/GATC
MboII	GAAGA	GAAGA	12	GAAGA(8/7)
MfeI	CAATTG	CAATTG	1	C/AATTG
MluCI	AATT	AATT	0	/AATT
MluI	ACGCGT	ACGCGT	1	A/CGCGT
MlyI	GAGTC	GAGTC	10	GAGTC(5/5)
MmeI	TCCRAC	TCC[AG]AC	24	TCCRAC(20/18)
MnlI	CCTC	CCTC	10	CCTC(7/6)
MscI	TGGCCA	TGGCCA	3	TGG/CCA
MseI	TTAA	TTAA	1	T/TAA
MslI	CAYNNNNRTG	CA[CT][ATGC][ATGC][ATGC][ATGC][AG]TG	5	CAYNN/NNRTG
MspA1I	CMGCKG	C[AC]GC[GT]G	3	CMG/CKG
MspI	CCGG	CCGG	1	C/CGG
MwoI	GCNNNNNNNGC	GC[ATGC][ATGC][ATGC][ATGC][ATGC][ATGC][ATGC]GC	4	GCNNNNN/NNGC
NaeI	GCCGGC	GCCGGC	3	GCC/GGC
NarI	GGCGCC	GGCGCC	2	GG/CGCC
NciI	CCSGG	CC[GC]GG	2	CC/SGG
NcoI	CCATGG	CCATGG	1	C/CATGG
NdeI	CATATG	CATATG	2	CA/TATG
NgoMIV	GCCGGC	GCCGGC	1	G/CCGGC
NheI	GCTAGC	GCTAGC	1	G/CTAGC
NlaIII	CATG	CATG	4	CATG/
NlaIV	GGNNCC	GG[ATGC][ATGC]CC	3	GGN/NCC
NmeAIII	GCCGAG	GCCGAG	25	GCCGAG(21/19)
NotI	GCGGCCGC	GCGGCCGC	2	GC/GGCCGC
NruI	TCGCGA	TCGCGA	3	TCG/CGA
NsiI	ATGCAT	ATGCAT	1	ATGCA/T
NspI	RCATGY	[AG]CATG[CT]	1	RCATG/Y
PacI	TTAATTAA	TTAATTAA	3	TTAAT/TAA
PciI	ACATGT	ACATGT	1	A/CATGT
PflFI	GACNNNGTC	GAC[ATGC][ATGC][ATGC]GTC	4	GACN/NNGTC
PflMI	CCANNNNNTGG	CCA[ATGC][ATGC][ATGC][ATGC][ATGC]TGG	4	CCANNNN/NTGG
PleI	GAGTC	GAGTC	9	GAGTC(4/5)
PluTI	GGCGCC	GGCGCC	1	GGCGC/C
PmeI	GTTTAAAC	GTTTAAAC	4	GTTT/AAAC
PmlI	CACGTG	CACGTG	3	CAC/GTG
PpuMI	RGGWCCY	[AG]GG[AT]CC[CT]	2	RG/GWCCY
PshAI	GACNNNNGTC	GAC[ATGC][ATGC][ATGC][ATGC]GTC	5	GACNN/NNGTC
PsiI-v2	TTATAA	TTATAA	3	TTA/TAA
PspGI	CCWGG	CC[AT]GG	0	/CCWGG
PspOMI	GGGCCC	GGGCCC	1	G/GGCCC
PspXI	VCTCGAGB	[ACG]CTCGAG[CGT]	2	VC/TCGAGB
PstI	CTGCAG	CTGCAG	1	CTGCA/G
PvuI	CGATCG	CGATCG	2	CGAT/CG
PvuII	CAGCTG	CAGCTG	3	CAG/CTG
RsaI	GTAC	GTAC	2	GT/AC
RsrII	CGGWCCG	CGG[AT]CCG	2	CG/GWCCG
SacI	GAGCTC	GAGCTC	1	GAGCT/C
SacII	CCGCGG	CCGCGG	2	CCGC/GG
SalI	GTCGAC	GTCGAC	1	G/TCGAC
SapI	GCTCTTC	GCTCTTC	8	GCTCTTC(1/4)
Sau3AI	GATC	GATC	0	/GATC
Sau96I	GGNCC	GG[ATGC]CC	1	G/GNCC
SbfI	CCTGCAGG	CCTGCAGG	2	CCTGCA/GG
ScaI-HF	AGTACT	AGTACT	3	AGT/ACT
ScrFI	CCNGG	CC[ATGC]GG	2	CC/NGG
SexAI	ACCWGGT	ACC[AT]GGT	1	A/CCWGGT
SfaNI	GCATC	GCATC	10	GCATC(5/9)
SfcI	CTRYAG	CT[AG][CT]AG	1	C/TRYAG
SfiI	GGCCNNNNNGGCC	GGCC[ATGC][ATGC][ATGC][ATGC][ATGC]GGCC	5	GGCCNNNN/NGGCC
SfoI	GGCGCC	GGCGCC	3	GGC/GCC
SgrAI	CRCCGGYG	C[AG]CCGG[CT]G	2	CR/CCGGYG
SmaI	CCCGGG	CCCGGG	3	CCC/GGG
SmlI	CTYRAG	CT[CT][AG]AG	1	C/TYRAG
SnaBI	TACGTA	TACGTA	3	TAC/GTA
SpeI	ACTAGT	ACTAGT	1	A/CTAGT
SphI	GCATGC	GCATGC	1	GCATG/C
SrfI	GCCCGGGC	GCCCGGGC	4	GCCC/GGGC
SspI	AATATT	AATATT	3	AAT/ATT
StuI	AGGCCT	AGGCCT	3	AGG/CCT
StyD4I	CCNGG	CC[ATGC]GG	0	/CCNGG
StyI-HF	CCWWGG	CC[AT][AT]GG	1	C/CWWGG
SwaI	ATTTAAAT	ATTTAAAT	4	ATTT/AAAT
TaqI-v2	TCGA	TCGA	1	T/CGA
TfiI	GAWTC	GA[AT]TC	1	G/AWTC
TseI	GCWGC	GC[AT]GC	1	G/CWGC
Tsp45I	GTSAC	GT[GC]AC	0	/GTSAC
TspMI	CCCGGG	CCCGGG	1	C/CCGGG
TspRI	CASTG	CA[GC]TG	9	NNCASTGNN/
Tth111I 	GACNNNGTC	GAC[ATGC][ATGC][ATGC]GTC	4	GACN/NNGTC
XbaI	TCTAGA	TCTAGA	1	T/CTAGA
XcmI	CCANNNNNNNNNTGG	CCA[ATGC][ATGC][ATGC][ATGC][ATGC][ATGC][ATGC][ATGC][ATGC]TGG	8	CCANNNNN/NNNNTGG
XhoI	CTCGAG	CTCGAG	1	C/TCGAG
XmaI	CCCGGG	CCCGGG	1	C/CCGGG
XmnI	GAANNNNTTC	GAA[ATGC][ATGC][ATGC][ATGC]TTC	5	GAANN/NNTTC
ZraI	GACGTC	GACGTC	3	GAC/GTC